"","leverage","distancia_cook"
"298",0.00363595016040668,0.0237325153282184
"631",0.0161268628876053,0.0188115998920262
"571",0.00845335704963534,0.0163740825139137
