"","Estimate","Std. Error","z value","Pr(>|z|)"
"(Intercept)",3.75068467441243,0.37513531760281,9.99821797206422,1.55164037898403e-23
"clase2",-1.22194324074153,0.261498673508226,-4.67284680395556,2.97053338416401e-06
"clase3",-2.42183071432984,0.24509538585825,-9.88117628509948,5.02396652659414e-23
"sexomale",-2.65714058771931,0.189011672810565,-14.0580766690658,6.87288132998484e-45
"edad",-0.0370235349396254,0.00751521616358939,-4.92647638254259,8.3725726869087e-07
