"","Estimate","Std. Error","z value","Pr(>|z|)"
"(Intercept)",3.54473661586217,0.365371840666904,9.70172361775898,2.96447702482221e-22
"clase2",-1.12216120685974,0.257734925953937,-4.35393535705865,1.33715151145864e-05
"clase3",-2.32917185601797,0.240889701666949,-9.66903873391093,4.08194041711891e-22
"sexomale",-2.61131471440764,0.186708768908018,-13.9860314525137,1.8970637110449e-44
"edad",-0.0333041311647364,0.00736971295472004,-4.51905404855779,6.21165375512929e-06
