valor_corte,sensitividad,especificidad,accuracy
0.41,0.78649635,0.791788856,0.788526434
0.42,0.79379562,0.791788856,0.793025872
0.43,0.797445255,0.788856305,0.794150731
